{"cameraMode":{"drawMode":0,"name":"Shaded","section":"Shading Mode"},"sceneLighting":false,"audioPlay":false,"sceneViewState":{"m_AlwaysRefresh":false,"showFog":true,"showSkybox":true,"showFlares":true,"showImageEffects":true,"showParticleSystems":true,"showVisualEffectGraphs":true,"m_FxEnabled":true},"in2DMode":false,"pivot":{"x":-11.849790573120118,"y":0.01844606176018715,"z":254.1779022216797},"rotation":{"x":0.017318423837423326,"y":-0.02339288592338562,"z":0.00040428200736641884,"w":0.9995840191841126},"size":144.04876708984376,"orthographic":false}